Subject,SubjectLabel,Relation,Object,ObjectLabel
渤海国上京龙泉府遗址,大遗址,isLocatedin,黑龙江,地点
金上京会宁府遗址,大遗址,isLocatedin,黑龙江,地点
青龙镇遗址,大遗址,isLocatedin,上海,地点
鸿山墓群,大遗址,isLocatedin,江苏,地点
阖闾城遗址,大遗址,isLocatedin,江苏,地点
徐州汉墓群,大遗址,isLocatedin,江苏,地点
南朝陵墓群,大遗址,isLocatedin,江苏,地点
扬州城遗址,大遗址,isLocatedin,江苏,地点
明故宫遗址,大遗址,isLocatedin,江苏,地点
上山遗址,大遗址,isLocatedin,浙江,地点
河姆渡遗址,大遗址,isLocatedin,浙江,地点
良渚遗址,大遗址,isLocatedin,浙江,地点
安吉古城遗址,大遗址,isLocatedin,浙江,地点
上林湖越窑遗址,大遗址,isLocatedin,浙江,地点
大窑龙泉窑遗址,大遗址,isLocatedin,浙江,地点
临安城遗址,大遗址,isLocatedin,浙江,地点
宋六陵,大遗址,isLocatedin,浙江,地点
凌家滩遗址,大遗址,isLocatedin,安徽,地点
双墩遗址,大遗址,isLocatedin,安徽,地点
禹会村遗址,大遗址,isLocatedin,安徽,地点
寿春城遗址,大遗址,isLocatedin,安徽,地点
明中都遗址,大遗址,isLocatedin,安徽,地点
万寿岩遗址,大遗址,isLocatedin,福建,地点
平潭壳丘头遗址群,大遗址,isLocatedin,福建,地点
城村汉城遗址,大遗址,isLocatedin,福建,地点
德化窑遗址,大遗址,isLocatedin,福建,地点
吴城遗址（含筑卫城遗址）,大遗址,isLocatedin,江西,地点
紫金城城址与铁河古墓群（南昌汉代海昏侯墓）,大遗址,isLocatedin,江西,地点
铜岭铜矿遗址,大遗址,isLocatedin,江西,地点
吉州窑遗址,大遗址,isLocatedin,江西,地点
御窑厂窑址（含湖田窑址、高岭瓷土矿遗址）,大遗址,isLocatedin,江西,地点
吉仁台沟口遗址,大遗址,isLocatedin,新疆,地点
北庭故城遗址,大遗址,isLocatedin,新疆,地点
苏巴什佛寺遗址,大遗址,isLocatedin,新疆,地点
交河故城,大遗址,isLocatedin,新疆,地点
高昌故城,大遗址,isLocatedin,新疆,地点
达勒特古城遗址,大遗址,isLocatedin,新疆,地点
卓尔库特古城遗址,大遗址,isLocatedin,新疆,地点
阔纳协海尔古城遗址,大遗址,isLocatedin,新疆,地点
坎儿井地下水利工程,大遗址,isLocatedin,新疆,地点
兽骨,器物,wasExcavatedin,八里桥遗址,其他遗址
刻槽小罐,器物,wasExcavatedin,八里桥遗址,其他遗址
卜骨,器物,wasExcavatedin,八里桥遗址,其他遗址
玉斧,器物,wasExcavatedin,八里桥遗址,其他遗址
白陶爵,器物,wasExcavatedin,八里桥遗址,其他遗址
三星堆遗址,大遗址,isLocatedin,四川,地点
陶盉,器物,wasExcavatedin,三星堆遗址,大遗址
陶盉,器物,wasExcavatedin,二里头遗址,大遗址
周口店遗址,大遗址,isLocatedin,北京,地点
圆明园遗址,大遗址,isLocatedin,北京,地点
琉璃河遗址,大遗址,isLocatedin,北京,地点
泥河湾遗址群,大遗址,isLocatedin,河北,地点
燕下都遗址,大遗址,isLocatedin,河北,地点
中山古城遗址,大遗址,isLocatedin,河北,地点
赵邯郸故城（含赵王陵）,大遗址,isLocatedin,河北,地点
邺城遗址,大遗址,isLocatedin,河北,地点
定窑遗址,大遗址,isLocatedin,河北,地点
元中都遗址,大遗址,isLocatedin,河北,地点
陶寺遗址,大遗址,isLocatedin,山西,地点
侯马晋国遗址,大遗址,isLocatedin,山西,地点
曲村—天马遗址,大遗址,isLocatedin,山西,地点
晋阳古城遗址,大遗址,isLocatedin,山西,地点
蒲津渡与蒲州故城遗址,大遗址,isLocatedin,山西,地点
和林格尔土城子遗址,大遗址,isLocatedin,内蒙古,地点
居延遗址（含甘肃部分）,大遗址,isLocatedin,内蒙古,地点
辽上京遗址（含辽陵及奉陵邑）,大遗址,isLocatedin,内蒙古,地点
元上都遗址,大遗址,isLocatedin,内蒙古,地点
牛河梁遗址,大遗址,isLocatedin,辽宁,地点
高句丽遗址（凤凰山山城、五女山山城）,大遗址,isLocatedin,辽宁,地点
三燕龙城遗址,大遗址,isLocatedin,辽宁,地点
高句丽遗址（洞沟古墓群、丸都山城、国内城、罗通山城、自安山城、龙潭山城）,大遗址,isLocatedin,吉林,地点
渤海遗址（渤海中京遗址、八连城遗址、磨盘村山城）,大遗址,isLocatedin,吉林,地点
辽金捺钵遗址（城四家子城址、春捺钵遗址群）,大遗址,isLocatedin,吉林,地点
长白山神庙遗址,大遗址,isLocatedin,吉林,地点
黄泗浦遗址,大遗址,isLocatedin,江苏,地点
大工山 - 凤凰山铜矿遗址,大遗址,isLocatedin,安徽,地点
大汶口遗址,大遗址,isLocatedin,山东,地点
焦家遗址,大遗址,isLocatedin,山东,地点
两城镇遗址（含尧王城遗址）,大遗址,isLocatedin,山东,地点
城子崖遗址,大遗址,isLocatedin,山东,地点
大辛庄遗址,大遗址,isLocatedin,山东,地点
东平陵故城,大遗址,isLocatedin,山东,地点
临淄齐国故城,大遗址,isLocatedin,山东,地点
曲阜鲁国故城,大遗址,isLocatedin,山东,地点
杨家盐业遗址群,大遗址,isLocatedin,山东,地点
即墨故城及六曲山墓群（含琅琊台遗址）,大遗址,isLocatedin,山东,地点
屈家岭遗址,大遗址,isLocatedin,湖北,地点
石家河遗址,大遗址,isLocatedin,湖北,地点
盘龙城遗址,大遗址,isLocatedin,湖北,地点
铜绿山古铜矿遗址,大遗址,isLocatedin,湖北,地点
楚纪南故城 (含龙湾遗址),大遗址,isLocatedin,湖北,地点
擂鼓墩古墓群,大遗址,isLocatedin,湖北,地点
城头山遗址,大遗址,isLocatedin,湖南,地点
炭河里遗址,大遗址,isLocatedin,湖南,地点
铜官窑遗址,大遗址,isLocatedin,湖南,地点
老司城遗址,大遗址,isLocatedin,湖南,地点
石峡遗址,大遗址,isLocatedin,广东,地点
南越国宫署遗址,大遗址,isLocatedin,广东,地点
笔架山潮州窑遗址,大遗址,isLocatedin,广东,地点
甑皮岩遗址,大遗址,isLocatedin,广西,地点
合浦汉墓群与汉城遗址（含草鞋村遗址、大浪古城遗址）,大遗址,isLocatedin,广西,地点
靖江王陵,大遗址,isLocatedin,广西,地点
钓鱼城遗址,大遗址,isLocatedin,重庆,地点
成都平原史前城址,大遗址,isLocatedin,四川,地点
金沙遗址,大遗址,isLocatedin,四川,地点
罗家坝遗址,大遗址,isLocatedin,四川,地点
城坝遗址,大遗址,isLocatedin,四川,地点
可乐遗址,大遗址,isLocatedin,贵州,地点
海龙囤遗址,大遗址,isLocatedin,贵州,地点
太和城遗址,大遗址,isLocatedin,云南,地点
石寨山古墓群,大遗址,isLocatedin,云南,地点
古格王国遗址,大遗址,isLocatedin,西藏,地点
芒康盐井古盐田,大遗址,isLocatedin,西藏,地点
藏王墓,大遗址,isLocatedin,西藏,地点
杨官寨遗址,大遗址,isLocatedin,陕西,地点
石峁遗址,大遗址,isLocatedin,陕西,地点
周原遗址,大遗址,isLocatedin,陕西,地点
丰镐遗址,大遗址,isLocatedin,陕西,地点
秦雍城遗址,大遗址,isLocatedin,陕西,地点
栎阳城遗址,大遗址,isLocatedin,陕西,地点
秦咸阳城遗址,大遗址,isLocatedin,陕西,地点
阿房宫遗址,大遗址,isLocatedin,陕西,地点
秦始皇陵,大遗址,isLocatedin,陕西,地点
汉长安城遗址,大遗址,isLocatedin,陕西,地点
西汉帝陵（含薄太后陵）,大遗址,isLocatedin,陕西,地点
隋大兴唐长安城遗址（含大明宫遗址）,大遗址,isLocatedin,陕西,地点
唐代帝陵（含顺陵）,大遗址,isLocatedin,陕西,地点
统万城遗址,大遗址,isLocatedin,陕西,地点
黄堡镇耀州窑遗址,大遗址,isLocatedin,陕西,地点
大地湾遗址,大遗址,isLocatedin,甘肃,地点
大堡子山遗址,大遗址,isLocatedin,甘肃,地点
锁阳城遗址,大遗址,isLocatedin,甘肃,地点
喇家遗址,大遗址,isLocatedin,青海,地点
热水墓群,大遗址,isLocatedin,青海,地点
水洞沟遗址,大遗址,isLocatedin,宁夏,地点
西夏陵,大遗址,isLocatedin,宁夏,地点
大运河,大遗址,contains,路县故城遗址,大遗址
大运河,大遗址,contains,大名府故城,大遗址
大运河,大遗址,contains,大运河南旺枢纽,大遗址
大运河,大遗址,contains,河道总督署遗址,大遗址
大运河,大遗址,contains,板闸遗址,大遗址
大运河,大遗址,contains,回洛仓遗址,大遗址
大运河,大遗址,contains,含嘉仓遗址,大遗址
大运河,大遗址,contains,州桥遗址,大遗址
大运河,大遗址,contains,荥阳故城（含古荥冶铁遗址）,大遗址
大运河,大遗址,contains,柳孜遗址,大遗址
秦直道,大遗址,contains,秦直道起点遗址,大遗址
秦直道,大遗址,contains,秦直道延安段,大遗址
秦直道,大遗址,contains,秦直道庆阳段,大遗址
秦直道,大遗址,contains,秦直道东胜段,大遗址
明清海防,大遗址,contains,大鹏所城,大遗址
明清海防,大遗址,contains,蒲壮所城,大遗址
明清海防,大遗址,contains,蓬莱水城,大遗址
明清海防,大遗址,contains,大沽口炮台,大遗址
四期早段陶器,器物,hasType,盆,器物
四期早段陶器,器物,hasType,缸,器物
四期早段陶器,器物,hasType,尊,器物
四期早段陶器,器物,hasType,器盖,器物
四期早段陶器,器物,hasType,深腹罐,器物
四期早段陶器,器物,hasType,圆腹罐,器物
四期晚段陶器,器物,contains,外表有筐状刮痕的夹砂灰褐陶深腹罐,器物
四期晚段陶器,器物,contains,外表有筐状刮痕的夹砂红褐陶深腹罐,器物
四期晚段陶器,器物,contains,外表有筐状刮痕的夹砂灰褐陶鬲,器物
四期晚段陶器,器物,contains,外表有筐状刮痕的夹砂红褐陶鬲,器物
四期晚段陶器,器物,hasType,外表饰有细绳纹的橄榄形卷沿鬲,器物
四期晚段陶器,器物,hasType,束颈盆,器物
四期晚段陶器,器物,hasType,鬲,器物
四期晚段陶器,器物,hasType,盆,器物
四期晚段陶器,器物,hasType,缸,器物
四期晚段陶器,器物,hasType,瓮,器物
四期晚段陶器,器物,hasType,尊,器物
四期晚段陶器,器物,hasType,器盖,器物
四期晚段陶器,器物,hasType,深腹罐,器物
四期晚段陶器,器物,hasType,圆腹罐,器物
四期晚段陶器,器物,hasType,捏口罐,器物
外表饰有细绳纹的橄榄形卷沿鬲,器物,bearsFeature,下七垣文化,遗产文化
束颈盆,器物,bearsFeature,下七垣文化,遗产文化
外表有筐状刮痕的夹砂灰褐陶深腹罐,器物,bearsFeature,岳石文化,遗产文化
外表有筐状刮痕的夹砂红褐陶深腹罐,器物,bearsFeature,岳石文化,遗产文化
外表饰有细绳纹的橄榄形深腹罐,器物,bearsFeature,下七垣文化,遗产文化
外表有筐状刮痕的夹砂灰褐陶鬲,器物,bearsFeature,岳石文化,遗产文化
外表有筐状刮痕的夹砂红褐陶鬲,器物,bearsFeature,岳石文化,遗产文化
手工业作坊遗迹,遗迹,wasExcavatedin,二里头遗址,大遗址
手工业作坊遗迹,遗迹,wasExcavatedin,二里头遗址,大遗址
手工业作坊遗迹,遗迹,contains,制陶遗存,遗迹
手工业作坊遗迹,遗迹,contains,铸铜作坊,遗迹
手工业作坊遗迹,遗迹,contains,制骨作坊,遗迹
手工业作坊遗迹,遗迹,contains,绿松石器作坊,遗迹
手工业作坊遗迹,遗迹,contains,围垣作坊区,遗迹
制陶遗存,遗迹,contains,陶窑Ⅳ Y12,遗迹
制陶遗存,遗迹,contains,陶窑Ⅸ Y1,遗迹
制陶遗存,遗迹,contains,陶窑Ⅸ Y2,遗迹
制陶遗存,遗迹,contains,陶窑Ⅳ Y2,遗迹
制陶遗存,遗迹,contains,陶窑Ⅳ Y3,遗迹
制陶遗存,遗迹,contains,陶窑Ⅴ Y1,遗迹
二里头遗址,大遗址,excavated,手工业作坊遗迹,遗迹
制骨作坊,遗迹,contains,1号制骨作坊,遗迹
制骨作坊,遗迹,contains,2号制骨作坊,遗迹
陶器,器物,wasExcavatedin,八里桥遗址,其他遗址
陶器,器物,wasExcavatedin,二里头遗址,大遗址
陶器,器物,wasExcavatedin,二里岗文化晚期,器物:时间
陶器,器物,Belongsto,二里头文化,遗产文化
陶器,器物,bearsFeature,形制多样、种类丰富,图案纹饰
陶器,器物,bearsFeature,施加纹饰,图案纹饰
陶器,器物,bearsFeature,施加麻点,图案纹饰
陶器,器物,bearsFeature,素面抹光,图案纹饰
陶器,器物,bearsFeature,素面磨光,图案纹饰
陶器,器物,bearsFeature,附加銴、耳或乳钉,图案纹饰
陶器,器物,bearsFeature,镂孔,图案纹饰:工艺技法
陶器,器物,bearsFeature,刻划符号,图案纹饰
陶器,器物,bearsFeature,制法以轮制为主、兼用模制和手制,工艺技法
陶器,器物,hasFunction,生活用具,功用
陶器,器物,hasFunction,其他器具,功用
陶器,器物,hasType,陶容器,器物
陶器,器物,hasType,鬲,器物
陶器,器物,hasType,甗,器物
陶器,器物,hasType,甑,器物
陶器,器物,hasType,盆,器物
陶器,器物,hasType,刻槽盆,器物
陶器,器物,hasType,缸,器物
陶器,器物,hasType,瓮,器物
陶器,器物,hasType,平底盆,器物
陶器,器物,hasType,高领罐,器物
陶器,器物,hasType,敛口罐,器物
陶器,器物,hasType,豆,器物
陶器,器物,hasType,大口尊,器物
陶器,器物,hasType,深腹罐,器物
陶器,器物,hasType,捏口罐,器物
陶器,器物,hasType,簋,器物
陶器,器物,carries,篮纹,图案纹饰
陶器,器物,carries,方格纹,图案纹饰
陶器,器物,carries,特殊花纹,图案纹饰
陶器,器物,carries,绳纹,图案纹饰
陶器,器物,carries,附加堆纹,图案纹饰
陶器,器物,carries,凹凸弦纹,图案纹饰
陶器,器物,carries,刻划纹,图案纹饰
陶器,器物,carries,指甲纹,图案纹饰
陶器,器物,carries,戳刺纹,图案纹饰
陶器,器物,carries,和云纹,图案纹饰
陶器,器物,carries,雷纹,图案纹饰
陶器,器物,carries,“S”纹,图案纹饰
陶器,器物,carries,回形纹,图案纹饰
陶器,器物,carries,花瓣纹,图案纹饰
陶器,器物,carries,圆圈纹,图案纹饰
陶器,器物,carries,龙,图案纹饰
陶器,器物,carries,蛇鸟,图案纹饰
陶器,器物,carries,鱼,图案纹饰
陶器,器物,carries,蚪,图案纹饰
陶器,器物,carries,兽面,图案纹饰
陶器,器物,carries,云纹,图案纹饰
陶器,器物,UsedGeneralTechnique,泥条盘筑,工艺技法
陶器,器物,UsedGeneralTechnique,手握制,工艺技法
陶器,器物,UsedGeneralTechnique,轮制,工艺技法
陶器,器物,UsedGeneralTechnique,手制,工艺技法
陶器,器物,UsedGeneralTechnique,轮制与手制兼用,工艺技法
铜器,器物,wasExcavatedin,二里头遗址,大遗址
铜器,器物,Belongsto,二里头文化,遗产文化
铜器,器物,bearsFeature,浑铸成形,图案纹饰
铜器,器物,contains,铜铃,器物
铜器,器物,contains,铜爵,器物
铜器,器物,contains,兽面铜牌,器物
铜器,器物,hasType,其他礼仪用器,器物
铜器,器物,hasType,工具,器物
铜器,器物,hasType,容器,器物
铜器,器物,hasType,乐器,器物:功用
铜器,器物,hasType,武器,器物:功用
铜器,器物,material,纯铜,质料
铜器,器物,material,锡青铜,质料
铜器,器物,material,铅锡青铜,质料
铜器,器物,material,铅青铜,质料
铜器,器物,material,砷青铜,质料
铜器,器物,material,铅锡砷青铜,质料
铜器,器物,material,砷锡青铜,质料
铜器,器物,material,铅砷青铜,质料
铜器,器物,hasAmount,99件,数量
冶炼遗物,器物,wasExcavatedin,二里头遗址,大遗址
玉器,器物,wasExcavatedin,二里头文化,遗产文化
玉器,器物,wasExcavatedin,二里头遗址,大遗址
玉器,器物,Belongsto,二里头文化,遗产文化
玉器,器物,contains,玉圭,器物
玉器,器物,contains,玉刀,器物
玉器,器物,contains,戚壁,器物
玉器,器物,contains,玉管状器,器物
玉器,器物,contains,柄形饰,器物
玉器,器物,hasFunction,装饰品,器物:功用
玉器,器物,hasType,装饰品,器物:功用
玉器,器物,hasType,礼器和仪仗,器物
玉器,器物,hasType,工具和武器,器物
玉器,器物,hasType,其他,器物
玉器,器物,UsedGeneralTechnique,锯片切割,工艺技法
玉器,器物,UsedGeneralTechnique,阴刻,工艺技法
玉器,器物,UsedGeneralTechnique,钻孔,工艺技法
玉器,器物,UsedGeneralTechnique,减地,工艺技法
玉器,器物,UsedGeneralTechnique,打磨,工艺技法
绿松石器,器物,wasExcavatedin,二里头遗址,大遗址
石器,器物,wasExcavatedin,八里桥遗址,其他遗址
石器,器物,wasExcavatedin,二里头遗址,大遗址
石器,器物,hasFunction,装饰品,器物:功用
石器,器物,hasFunction,武器,器物:功用
石器,器物,hasFunction,生产与生活工具,功用
石器,器物,hasFunction,砍伐工具,功用
石器,器物,hasFunction,挖掘工具,功用
石器,器物,hasFunction,收割工具,功用
石器,器物,hasFunction,制作工具,功用
石器,器物,hasFunction,加工工具,功用
漆木器,器物,wasExcavatedin,二里头遗址,大遗址
漆木器,器物,contains,漆觚,器物
漆木器,器物,contains,漆豆,器物
漆木器,器物,contains,漆勺,器物
漆木器,器物,contains,漆匣,器物
纺织品,器物,wasExcavatedin,二里头遗址,大遗址
骨、角、蚌、牙、贝、螺质遗物,器物,wasExcavatedin,二里头遗址,大遗址
骨、角、蚌、牙、贝、螺质遗物,器物,contains,骨镞,器物
骨、角、蚌、牙、贝、螺质遗物,器物,contains,骨簪,器物
二里头文化,遗产文化,contains,陶容器,器物
二里头文化,遗产文化,contains,二里头遗址,大遗址
二里头文化,遗产文化,excavated,玉器,器物
二里头文化,遗产文化,wasNamedby,夏鼐,人物
陶容器,器物,Belongsto,二里头文化,遗产文化
陶容器,器物,hasType,鼎,器物
陶容器,器物,hasType,鬲,器物
陶容器,器物,hasType,甑,器物
陶容器,器物,hasType,盆,器物
陶容器,器物,hasType,刻槽盆,器物
陶容器,器物,hasType,缸,器物
陶容器,器物,hasType,瓮,器物
陶容器,器物,hasType,平底盆,器物
陶容器,器物,hasType,高领罐,器物
陶容器,器物,hasType,敛口罐,器物
陶容器,器物,hasType,器盖,器物
陶容器,器物,hasType,三足皿,器物
陶容器,器物,hasType,豆,器物
陶容器,器物,hasType,鬶,器物
陶容器,器物,hasType,盉,器物
陶容器,器物,hasType,爵,器物
陶容器,器物,hasType,大口尊,器物
陶容器,器物,hasType,高领尊,器物
陶容器,器物,hasType,矮领尊,器物
陶容器,器物,hasType,深腹罐,器物
陶容器,器物,hasType,圆腹罐,器物
陶容器,器物,hasType,捏口罐,器物
陶容器,器物,hasType,觚,器物
陶容器,器物,hasType,杯,器物
陶容器,器物,hasType,小尊,器物
普通易熔黏土,质料,hasType,夹砂,质料
普通易熔黏土,质料,hasType,泥质,质料
一期早段,时间,contains,鼎,器物
一期早段,时间,contains,刻槽盆,器物
一期早段,时间,contains,缸,器物
一期早段,时间,contains,瓮,器物
一期早段,时间,contains,尊,器物
一期早段,时间,contains,平底盆,器物
一期早段,时间,contains,器盖,器物
一期早段,时间,contains,豆,器物
一期早段,时间,contains,鬶,器物
一期早段,时间,contains,盉,器物
一期早段,时间,contains,爵,器物
一期早段,时间,contains,矮领尊,器物
一期早段,时间,contains,深腹罐,器物
一期早段,时间,contains,圆腹罐,器物
一期早段,时间,contains,捏口罐,器物
一期早段,时间,contains,折沿盆,器物
一期早段,时间,contains,小口尊,器物
一期晚段,时间,bearsFeature,夹砂陶与泥质陶数量相当,质料
一期晚段,时间,contains,鼎,器物
一期晚段,时间,contains,甑,器物
一期晚段,时间,contains,刻槽盆,器物
一期晚段,时间,contains,缸,器物
一期晚段,时间,contains,尊,器物
一期晚段,时间,contains,平底盆,器物
一期晚段,时间,contains,器盖,器物
一期晚段,时间,contains,三足皿,器物
一期晚段,时间,contains,豆,器物
一期晚段,时间,contains,鬶,器物
一期晚段,时间,contains,盉,器物
一期晚段,时间,contains,爵,器物
一期晚段,时间,contains,矮领尊,器物
一期晚段,时间,contains,壶,器物
一期晚段,时间,contains,深腹罐,器物
一期晚段,时间,contains,圆腹罐,器物
一期晚段,时间,contains,捏口罐,器物
一期晚段,时间,contains,觚,器物
一期晚段,时间,contains,圈足盘,器物
一期晚段,时间,contains,折沿盆,器物
一期晚段,时间,contains,小口尊,器物
二期早段,时间,bearsFeature,泥质陶多于夹砂陶,质料
二期早段,时间,contains,盆,器物
二期早段,时间,contains,缸,器物
二期早段,时间,contains,瓮,器物
二期早段,时间,contains,尊,器物
二期早段,时间,contains,平底盆,器物
二期早段,时间,contains,器盖,器物
二期早段,时间,contains,豆,器物
二期早段,时间,contains,深腹罐,器物
二期早段,时间,contains,圆腹罐,器物
二期早段,时间,contains,捏口罐,器物
二期晚段,时间,bearsFeature,泥质陶多于夹砂陶,质料
二期晚段,时间,bearsFeature,篮纹浅而模糊,图案纹饰
二期晚段,时间,contains,甑,器物
二期晚段,时间,contains,盆,器物
二期晚段,时间,contains,缸,器物
二期晚段,时间,contains,尊,器物
二期晚段,时间,contains,平底盆,器物
二期晚段,时间,contains,豆,器物
二期晚段,时间,contains,深腹罐,器物
二期晚段,时间,contains,圆腹罐,器物
二期晚段,时间,contains,捏口罐,器物
三期早段,时间,bearsFeature,夹砂陶多于泥质陶,图案纹饰
三期早段,时间,contains,盆,器物
三期早段,时间,contains,缸,器物
三期早段,时间,contains,尊,器物
三期早段,时间,contains,器盖,器物
三期早段,时间,contains,深腹罐,器物
三期早段,时间,contains,圆腹罐,器物
三期早段,时间,contains,捏口罐,器物
三期晚段,时间,bearsFeature,夹砂陶多于泥质陶,图案纹饰
三期晚段,时间,contains,盆,器物
三期晚段,时间,contains,缸,器物
三期晚段,时间,contains,尊,器物
三期晚段,时间,contains,器盖,器物
三期晚段,时间,contains,深腹罐,器物
三期晚段,时间,contains,圆腹罐,器物
三期晚段,时间,contains,捏口罐,器物
四期早段,时间,bearsFeature,夹砂陶多于泥质陶,图案纹饰
四期早段,时间,contains,盆,器物
四期早段,时间,contains,缸,器物
四期早段,时间,contains,尊,器物
四期早段,时间,contains,器盖,器物
四期早段,时间,contains,深腹罐,器物
四期早段,时间,contains,圆腹罐,器物
四期晚段,时间,bearsFeature,夹砂陶与泥质陶数量相当,图案纹饰
四期晚段,时间,contains,盆,器物
四期晚段,时间,contains,缸,器物
四期晚段,时间,contains,瓮,器物
四期晚段,时间,contains,尊,器物
四期晚段,时间,contains,器盖,器物
四期晚段,时间,contains,深腹罐,器物
四期晚段,时间,contains,圆腹罐,器物
四期晚段,时间,contains,捏口罐,器物
罐类,器物,carries,篮纹,图案纹饰
罐类,器物,carries,方格纹,图案纹饰
罐类,器物,carries,绳纹,图案纹饰
鼎,器物,wasExcavatedin,八里桥遗址,其他遗址
鼎,器物,hasFunction,炊具,器物:功用
鼎,器物,carries,篮纹,图案纹饰
鼎,器物,carries,方格纹,图案纹饰
鼎,器物,carries,绳纹,图案纹饰
鬲,器物,bearsFeature,岳石文化,遗产文化
鬲,器物,carries,篮纹,图案纹饰
鬲,器物,carries,方格纹,图案纹饰
鬲,器物,carries,绳纹,图案纹饰
甗,器物,carries,篮纹,图案纹饰
甗,器物,carries,方格纹,图案纹饰
甗,器物,carries,绳纹,图案纹饰
甑,器物,bearsFeature,抹光处理,工艺技法
甑,器物,hasFunction,炊具,器物:功用
甑,器物,carries,篮纹,图案纹饰
甑,器物,carries,方格纹,图案纹饰
甑,器物,carries,绳纹,图案纹饰
甑,器物,carries,麻点,图案纹饰
盆,器物,wasExcavatedin,八里桥遗址,其他遗址
盆,器物,bearsFeature,抹光处理,工艺技法
盆,器物,hasFunction,盛储器,器物:功用
盆,器物,carries,篮纹,图案纹饰
盆,器物,carries,方格纹,图案纹饰
盆,器物,carries,绳纹,图案纹饰
盆,器物,carries,麻点,图案纹饰
刻槽盆,器物,carries,篮纹,图案纹饰
刻槽盆,器物,carries,方格纹,图案纹饰
刻槽盆,器物,carries,绳纹,图案纹饰
尊类,器物,carries,篮纹,图案纹饰
尊类,器物,carries,方格纹,图案纹饰
尊类,器物,carries,绳纹,图案纹饰
尊类,器物,carries,凹弦纹,图案纹饰
缸,器物,wasExcavatedin,八里桥遗址,其他遗址
缸,器物,carries,篮纹,图案纹饰
缸,器物,carries,方格纹,图案纹饰
缸,器物,carries,绳纹,图案纹饰
缸,器物,carries,附加堆纹,图案纹饰
缸,器物,carries,凹弦纹,图案纹饰
瓮,器物,wasExcavatedin,八里桥遗址,其他遗址
瓮,器物,bearsFeature,抹光处理,工艺技法
瓮,器物,hasFunction,盛储器,器物:功用
瓮,器物,carries,篮纹,图案纹饰
瓮,器物,carries,方格纹,图案纹饰
瓮,器物,carries,绳纹,图案纹饰
瓮,器物,carries,附加堆纹,图案纹饰
瓮,器物,carries,凹弦纹,图案纹饰
瓮,器物,carries,麻点,图案纹饰
篮纹,图案纹饰,Existin,一、二期,时间
方格纹,图案纹饰,Existin,一、二期,时间
一期早段至二期早段,时间,bearsFeature,篮纹、方格纹深而清晰,图案纹饰
一期,时间,bearsFeature,绳纹比例略低于篮纹,图案纹饰
一期,时间,date,公元前1750年至公元前1680年,时间
尊,器物,bearsFeature,抹光处理,工艺技法
尊,器物,hasFunction,盛储器,功用
尊,器物,carries,附加堆纹,图案纹饰
尊,器物,carries,麻点,图案纹饰
平底盆,器物,bearsFeature,抹光处理,工艺技法
平底盆,器物,carries,凹弦纹,图案纹饰
高领罐,器物,carries,刻划纹,图案纹饰
高领罐,器物,carries,指甲纹,图案纹饰
高领罐,器物,carries,凹弦纹,图案纹饰
敛口罐,器物,bearsFeature,抹光处理,工艺技法
敛口罐,器物,carries,刻划纹,图案纹饰
敛口罐,器物,carries,指甲纹,图案纹饰
敛口罐,器物,carries,凹弦纹,图案纹饰
器盖,器物,bearsFeature,抹光处理,工艺技法
器盖,器物,carries,刻划纹,图案纹饰
器盖,器物,carries,指甲纹,图案纹饰
器盖,器物,carries,凹弦纹,图案纹饰
三足皿,器物,bearsFeature,抹光处理,工艺技法
三足皿,器物,hasFunction,食器,器物:功用
三足皿,器物,carries,凸弦纹,图案纹饰
豆,器物,wasExcavatedin,八里桥遗址,其他遗址
豆,器物,bearsFeature,镂孔,图案纹饰:工艺技法
豆,器物,bearsFeature,抹光处理,工艺技法
豆,器物,hasFunction,食器,器物:功用
豆,器物,carries,凸弦纹,图案纹饰
鬶,器物,bearsFeature,抹光处理,工艺技法
鬶,器物,carries,凸弦纹,图案纹饰
盉,器物,bearsFeature,抹光处理,工艺技法
盉,器物,carries,刻划纹,图案纹饰
盉,器物,carries,指甲纹,图案纹饰
盉,器物,carries,凸弦纹,图案纹饰
爵,器物,wasExcavatedin,八里桥遗址,其他遗址
爵,器物,hasFunction,酒器,器物:功用
爵,器物,carries,刻划纹,图案纹饰
爵,器物,carries,指甲纹,图案纹饰
爵,器物,carries,凸弦纹,图案纹饰
大口尊,器物,wasExcavatedin,八里桥遗址,其他遗址
大口尊,器物,carries,刻划纹,图案纹饰
大口尊,器物,carries,指甲纹,图案纹饰
高领尊,器物,carries,刻划纹,图案纹饰
高领尊,器物,carries,指甲纹,图案纹饰
矮领尊,器物,carries,刻划纹,图案纹饰
矮领尊,器物,carries,指甲纹,图案纹饰
壶,器物,bearsFeature,抹光处理,工艺技法
壶,器物,carries,刻划纹,图案纹饰
壶,器物,carries,指甲纹,图案纹饰
印纹,图案纹饰,hasType,花瓣纹,图案纹饰
印纹,图案纹饰,hasType,云雷纹,图案纹饰
印纹,图案纹饰,hasType,回纹,图案纹饰
印纹,图案纹饰,hasType,斜线云纹,图案纹饰
印纹,图案纹饰,hasType,圆点重菱纹,图案纹饰
印纹,图案纹饰,hasType,重环纹,图案纹饰
印纹,图案纹饰,hasType,螺旋纹,图案纹饰
印纹,图案纹饰,hasType,旋云纹,图案纹饰
印纹,图案纹饰,hasType,席纹,图案纹饰
印纹,图案纹饰,hasType,编织纹,图案纹饰
印纹,图案纹饰,hasType,眼形纹,图案纹饰
印纹,图案纹饰,hasType,蝉纹,图案纹饰
印纹,图案纹饰,hasType,卷云纹,图案纹饰
印纹,图案纹饰,hasType,云回纹,图案纹饰
印纹,图案纹饰,hasType,铆钉饰,图案纹饰
深腹罐,器物,wasExcavatedin,八里桥遗址,其他遗址
深腹罐,器物,contains,外表饰有细绳纹的橄榄形深腹罐,器物
深腹罐,器物,carries,麻点,图案纹饰
圆腹罐,器物,wasExcavatedin,八里桥遗址,其他遗址
圆腹罐,器物,carries,麻点,图案纹饰
捏口罐,器物,carries,麻点,图案纹饰
簋,器物,wasExcavatedin,四期,时间
簋,器物,wasExcavatedin,三、四期,时间
簋,器物,bearsFeature,抹光处理,工艺技法
簋,器物,hasFunction,食器,器物:功用
觚,器物,bearsFeature,抹光处理,工艺技法
觚,器物,hasFunction,酒器,器物:功用
杯,器物,bearsFeature,抹光处理,工艺技法
罐,器物,hasFunction,炊具,器物:功用
圈足盘,器物,wasExcavatedin,一期,时间
圈足盘,器物,hasFunction,食器,器物:功用
二里岗文化早期陶器,器物,hasType,鬲,器物
二里岗文化早期陶器,器物,hasType,甗,器物
二里岗文化早期陶器,器物,hasType,盆,器物
二里岗文化早期陶器,器物,hasType,瓮,器物
二里岗文化早期陶器,器物,hasType,高领罐,器物
二里岗文化早期陶器,器物,hasType,敛口罐,器物
二里岗文化早期陶器,器物,hasType,豆,器物
二里岗文化早期陶器,器物,hasType,大口尊,器物
二里岗文化早期陶器,器物,hasType,深腹罐,器物
二里岗文化早期陶器,器物,hasType,捏口罐,器物
二里岗文化早期陶器,器物,hasType,簋,器物
二里岗文化早期陶器,器物,hasType,附加堆纹,图案纹饰
陶质小件遗物,器物,hasFunction,乐器,器物:功用
陶质小件遗物,器物,hasFunction,生产工具,功用
陶质小件遗物,器物,hasFunction,生活用器,功用
陶质小件遗物,器物,hasFunction,饰品,功用
郑光,人物,creator,《二里头陶器集粹》,相关信息资源
《二里头陶器集粹》,相关信息资源,date,1995年,时间
郑窑遗址,其他遗址,islocatedin,河南池县,地点
二里头文化陶器,器物,wasExcavatedin,郑窑遗址,其他遗址
二里头文化陶器,器物,bearsFeature,以手制为主、模制和轮制为辅,工艺技法
中国社会科学院考古研究所,组织机构,invActivity,中华文明探源工程,相关活动
中国科学技术大学,组织机构,invActivity,中华文明探源工程,相关活动
中国科学院上海硅酸盐研究所,组织机构,invActivity,中华文明探源工程,相关活动
二里头文化铜器,器物,wasExcavatedin,二里头文化三期,时间
二里头文化铜器,器物,contains,圆形器,器物
二里头文化铜器,器物,contains,铜铃,器物
二里头文化铜器,器物,contains,铜刀,器物
二里头文化铜器,器物,contains,铜爵,器物
二里头文化铜器,器物,contains,铜戈,器物
二里头文化铜器,器物,contains,铜戚,器物
二里头文化铜器,器物,contains,铜镞,器物
二里头文化铜器,器物,contains,铜锛,器物
二里头文化铜器,器物,contains,铜凿,器物
二里头文化铜器,器物,contains,铜锯,器物
二里头文化铜器,器物,contains,铜纺轮,器物
二里头文化铜器,器物,contains,铜鱼钩,器物
二里头文化铜器,器物,hasFunction,工具,器物
二里头文化铜器,器物,hasFunction,容器,器物
二里头文化铜器,器物,hasFunction,武器,器物:功用
二里头文化铜器,器物,hasType,工具,器物
二里头文化铜器,器物,hasType,容器,器物
二里头文化铜器,器物,hasType,乐器,器物:功用
二里头文化铜器,器物,hasType,武器,器物:功用
二里头文化铜器,器物,hasType,礼仪用器,器物
容器类,器物,contains,鼎,器物
容器类,器物,contains,盉,器物
容器类,器物,contains,爵,器物
容器类,器物,contains,觚,器物
容器类,器物,contains,角,器物
容器类,器物,contains,斝,器物
乐器类,器物,contains,铜铃,器物
武器类,器物,contains,戈,器物
武器类,器物,contains,钺,器物
武器类,器物,contains,戚,器物
武器类,器物,contains,镞,器物
工具类,器物,contains,刀,器物
工具类,器物,contains,凿,器物
工具类,器物,contains,锥,器物
工具类,器物,contains,锛,器物
工具类,器物,contains,锯,器物
工具类,器物,contains,纺轮,器物
工具类,器物,contains,鱼钩,器物
工具类,器物,contains,钻,器物
其他礼仪用器,器物,contains,铜牌饰,器物
其他礼仪用器,器物,contains,圆形器,器物
二里头文化一期,时间,contains,铜块,器物
二里头文化一期,时间,contains,铜刀,器物
二里头文化二期,时间,contains,铜牌饰,器物
二里头文化二期,时间,contains,绿松石龙形器,器物
二里头文化二期,时间,contains,铜铃,器物
二里头文化二期,时间,contains,铜块,器物
二里头文化二期,时间,contains,铜刀,器物
二里头文化二期,时间,contains,铜锥,器物
二里头文化二期,时间,contains,绿松石饰,器物
二里头文化二期,时间,contains,扁珠,器物
二里头文化二期,时间,contains,绿松石珠,器物
二里头文化二期,时间,contains,绿松石片,器物
二里头文化四期,时间,contains,铜斝,器物
二里头文化四期,时间,contains,铜鼎,器物
二里头文化四期,时间,contains,铜鬲,器物
二里头文化四期,时间,contains,铜盉,器物
二里头文化四期,时间,contains,铜觚,器物
二里头文化四期,时间,contains,铜钺,器物
兵器类,器物,UsedGeneralTechnique,双面范铸造,工艺技法
工具,器物,wasExcavatedin,遗址的地层及灰坑,遗迹
工具,器物,contains,刀,器物
工具,器物,contains,凿,器物
工具,器物,contains,锥,器物
工具,器物,contains,锛,器物
工具,器物,contains,锯,器物
工具,器物,contains,纺轮,器物
工具,器物,contains,鱼钩,器物
工具,器物,contains,钻,器物
工具,器物,UsedGeneralTechnique,双面范铸造,工艺技法
牌饰,器物,wasExcavatedin,二里头遗址,大遗址
牌饰,器物,UsedGeneralTechnique,镶嵌工艺,工艺技法
镶嵌绿松石的圆形器,器物,wasExcavatedin,二里头遗址,大遗址
镶嵌绿松石的圆形器,器物,UsedGeneralTechnique,镶嵌工艺,工艺技法
装饰品,器物:功用,contains,柄形器,器物
装饰品,器物:功用,contains,圆箍形饰,器物
装饰品,器物:功用,contains,环,器物
装饰品,器物:功用,contains,坠饰,器物
装饰品,器物:功用,contains,尖状饰,器物
装饰品,器物:功用,contains,管,器物
装饰品,器物:功用,hasType,实用品,功用
装饰品,器物:功用,hasType,艺术品,功用
金沙玉石牙璋,器物,wasExcavatedin,金沙遗址,其他遗址
牙璋,器物,wasExcavatedin,三星堆遗址,大遗址
牙璋,器物,wasExcavatedin,二里头遗址,大遗址
牙璋,器物,wasExcavatedin,墓葬,遗迹
墓葬,遗迹,wasExcavatedin,二里头遗址,大遗址
漆器,器物,wasExcavatedin,高等级墓葬,遗迹
漆器,器物,wasExcavatedin,二里头遗址,大遗址
漆器,器物,wasExcavatedin,二里头文化二期,时间
漆器,器物,hasType,钵,器物
漆器,器物,hasType,盒,器物
漆器,器物,hasType,匣,器物
漆器,器物,hasType,匕,器物
漆器,器物,hasType,勺,器物
漆器,器物,hasType,豆,器物
漆器,器物,hasType,觚,器物
漆鼓,器物,hasFunction,乐器,功用
漆棺,器物,hasFunction,葬具,功用
纺织物实物,器物,wasExcavatedin,二里头遗址,大遗址
纺织物实物,器物,Existin,铜器,器物
纺织物实物,器物,Existin,玉器,器物
纺织物实物,器物,UsedGeneralTechnique,“绞经”织法,工艺技法
纺织物痕迹,器物,wasExcavatedin,二里头遗址,大遗址
纺织物痕迹,器物,Existin,铜牌饰,器物
纺织物痕迹,器物,Existin,玉戈,器物
纺织物痕迹,器物,Existin,玉圭,器物
纺织物痕迹,器物,Existin,铜铃,器物
纺织物痕迹,器物,Existin,玉刀,器物
蚌器,器物,contains,镞,器物
蚌器,器物,contains,刀,器物
蚌器,器物,contains,锥,器物
蚌器,器物,contains,锯,器物
蚌器,器物,contains,廉,器物
蚌器,器物,contains,铲,器物
蚌器,器物,contains,蚌珠,器物
蚌器,器物,contains,穿孔蚌饰,器物
牙质类器物,器物,contains,牙锥,器物
牙质类器物,器物,contains,牙镞,器物
牙质类器物,器物,contains,牙饰,器物
牙质类器物,器物,contains,不明器形牙器,器物
贝、螺质类器物,器物,contains,贝饰,器物
贝、螺质类器物,器物,contains,海贝串饰,器物
贝、螺质类器物,器物,contains,螺壳,器物
镶嵌绿松石铜牌饰,器物,wasExcavatedin,三星堆遗址,大遗址
镶嵌绿松石铜牌饰,器物,wasExcavatedin,二里头遗址,大遗址
镶嵌绿松石铜牌饰,器物,wasExcavatedin,编号为M11的墓葬,遗迹
镶嵌绿松石铜牌饰,器物,wasExcavatedby,中国社科院考古研究所,组织机构
编号为M11的墓葬,遗迹,Belongsto,二里头文化第四期,时间
编号为M11的墓葬,遗迹,wasExcavatedby,中国社科院考古研究所,组织机构
编号为M11的墓葬,遗迹,excavated,陶器,器物
编号为M11的墓葬,遗迹,excavated,铜器,器物
编号为M11的墓葬,遗迹,excavated,玉器,器物
编号为M11的墓葬,遗迹,excavated,绿松石管饰,器物
编号为M11的墓葬,遗迹,excavated,漆盒,器物
铜牌饰,器物,wasExcavatedin,二里头遗址,大遗址
铜牌饰,器物,wasExcavatedin,墓葬,遗迹
铜牌饰,器物,hasFunction,巫师作法的用具,功用
铜牌饰,器物,hasFunction,护身符,功用
铜牌饰,器物,hasFunction,身份标志,功用
铜牌饰,器物,isRelevantto,铜铃,器物
镶嵌绿松石器,器物,contains,铜牌饰,器物
镶嵌绿松石器,器物,contains,镶嵌绿松石圆形器,器物
镶嵌绿松石器,器物,contains,镶嵌绿松石龙形器,器物
镶嵌绿松石器,器物,UsedGeneralTechnique,青铜器镶嵌绿松石工艺,工艺技法
兽面纹陶片,器物,wasExcavatedin,新砦遗址,其他遗址
兽面纹陶器盖,器物,wasExcavatedin,新砦遗址,其他遗址
夏七孔玉刀,器物,wasExcavatedin,二里头遗址,大遗址
夏七孔玉刀,器物,Belongsto,玉器,器物
夏七孔玉刀,器物,Belongsto,多孔玉刀,器物
夏七孔玉刀,器物,hasFunction,礼器,功用
夏七孔玉刀,器物,carries,网状斜线纹,图案纹饰
夏七孔玉刀,器物,wasExcavatedby,中国社会科学院考古研究所,组织机构
夏七孔玉刀,器物,isCollectedin,二里头夏都遗址博物馆,组织机构
夏七孔玉刀,器物,wasProducedin,夏中晚期,器物
夏七孔玉刀,器物,measurement,长65厘米，最厚0.4厘米,尺寸
夏七孔玉刀,器物,measurement,长60.4-65厘米，宽9.5厘米,尺寸
网格纹铜鼎,器物,wasExcavatedin,二里头遗址,大遗址
网格纹铜鼎,器物,wasExcavatedin,1987年,时间
网格纹铜鼎,器物,bearsFeature,青铜,质料
网格纹铜鼎,器物,hasFunction,礼器,功用
网格纹铜鼎,器物,carries,带状阳线网格纹,图案纹饰
网格纹铜鼎,器物,wasProducedin,夏代,时间
网格纹铜鼎,器物,RelatedArtifacts,乳钉纹铜爵,器物
骨猴,器物:工艺技法,wasExcavatedin,二里头遗址,大遗址
骨猴,器物:工艺技法,wasExcavatedin,2002年,时间
骨猴,器物:工艺技法,Belongsto,微雕精品,工艺技法
骨猴,器物:工艺技法,hasFunction,装饰品,器物:功用
骨猴,器物:工艺技法,hasFunction,装饰功能,功用
骨猴,器物:工艺技法,hasFunction,玩具功能,功用
骨猴,器物:工艺技法,UsedGeneralTechnique,打磨抛光,工艺技法
骨猴,器物:工艺技法,wasProducedin,夏代,时间
骨猴,器物:工艺技法,material,动物骨骼,质料
白陶斗笠形器,器物,wasExcavatedin,二里头遗址,大遗址
白陶斗笠形器,器物,wasExcavatedin,2002年,时间
白陶斗笠形器,器物,isCollectedin,二里头夏都遗址博物馆,组织机构
白陶斗笠形器,器物,wasProducedin,夏朝,时间
白陶斗笠形器,器物,hasAmount,一组3件,数量
陶鼓形壶,器物,wasExcavatedin,二里头遗址,大遗址
陶鼓形壶,器物,wasExcavatedin,1991年,时间
陶鼓形壶,器物,isCollectedin,二里头夏都遗址博物馆,组织机构
玉柄形器,器物,wasExcavatedin,二里头遗址,大遗址
柄形器,器物,wasExcavatedin,2001年,时间
玉柄形器,器物,UsedGeneralTechnique,减地浮雕,工艺技法
玉柄形器,器物,UsedGeneralTechnique,抛光,工艺技法
玉柄形器,器物,isCollectedin,二里头夏都遗址博物馆,组织机构
镶嵌绿松石玉钺,器物,wasExcavatedin,二里头遗址,大遗址
镶嵌绿松石玉钺,器物,wasExcavatedin,二里头夏都遗址博物馆,组织机构
镶嵌绿松石玉钺,器物,wasExcavatedin,1980年,时间
镶嵌绿松石玉钺,器物,bearsFeature,上部有两个穿孔，下孔用圆绿松石嵌平,图案纹饰
镶嵌绿松石玉钺,器物,isCollectedin,二里头夏都遗址博物馆,组织机构
陶堆塑龙纹透底器,器物,wasExcavatedin,1992年,时间
陶堆塑龙纹透底器,器物,isCollectedin,二里头夏都遗址博物馆,组织机构
玉戚壁,器物,wasExcavatedin,二里头遗址,大遗址
玉戚壁,器物,Belongsto,玉器,器物
玉戚壁,器物,hasFunction,礼器,功用
玉戚壁,器物,isCollectedin,二里头夏都遗址博物馆,组织机构
玉戚壁,器物,measurement,长9.6、宽9.1厘米,尺寸
玉戈,器物,wasExcavatedin,二里头遗址,大遗址
玉戈,器物,Belongsto,玉器,器物
玉戈,器物,hasFunction,礼器,功用
玉戈,器物,carries,平行细线纹,图案纹饰
玉戈,器物,UsedGeneralTechnique,通体抛光,工艺技法
玉戈,器物,isCollectedin,二里头夏都遗址博物馆,组织机构
玉戈,器物,measurement,长30.2、宽6.6-6.9厘米,尺寸
石钺,器物,wasExcavatedin,八里桥遗址,其他遗址
石钺,器物,hasFunction,礼器,功用
石钺,器物,invActivity,祭祀,相关活动
石钺,器物,measurement,长18、宽16.5、厚2.2厘米,尺寸
玉圭,器物,wasExcavatedin,二里头遗址,大遗址
玉圭,器物,hasFunction,礼器,功用
玉圭,器物,hasFunction,权利的象征,功用
玉圭,器物,invActivity,分封诸侯,相关活动
玉圭,器物,isCollectedin,二里头夏都遗址博物馆,组织机构
玉圭,器物,isRelevantto,石斧,器物
铜斝,器物,wasExcavatedin,二里头遗址,大遗址
铜斝,器物,hasFunction,礼器,功用
铜斝,器物,hasFunction,饮酒器,功用
铜斝,器物,carries,圆圈纹,图案纹饰
铜斝,器物,isCollectedin,二里头夏都遗址博物馆,组织机构
陶壶,器物,wasExcavatedin,二里头遗址,大遗址
陶壶,器物,wasExcavatedin,1986年,时间
陶壶,器物,bearsFeature,小口向外侈，长颈，鼓腹，圈足,图案纹饰
陶壶,器物,carries,弦纹,图案纹饰
陶壶,器物,carries,拍印纹饰,图案纹饰
陶壶,器物,UsedGeneralTechnique,通体磨光,工艺技法
陶壶,器物,isCollectedin,二里头夏都遗址博物馆,组织机构
铜圆泡形器,器物,wasExcavatedin,二里头遗址,大遗址
铜圆泡形器,器物,hasFunction,祭祀所用物品,功用
铜圆泡形器,器物,isCollectedin,二里头夏都遗址博物馆,组织机构
大型工程遗迹,遗迹,wasExcavatedin,二里头遗址,大遗址
大型工程遗迹,遗迹,contains,主干道路网络,遗迹
大型工程遗迹,遗迹,contains,大规模夯土围设施,遗迹
大型工程遗迹,遗迹,contains,大型夯土建筑群,遗迹
大型工程遗迹,遗迹,contains,大型沟渠、坑池类遗迹,遗迹
其他大型遗迹,遗迹,contains,排水渠,遗迹
其他大型遗迹,遗迹,contains,池,遗迹
其他大型遗迹,遗迹,contains,沟状遗迹,遗迹
其他大型遗迹,遗迹,contains,巨型坑,遗迹
手工业作坊,遗迹,wasExcavatedin,二里头遗址,大遗址
手工业作坊,遗迹,contains,作坊,遗迹
二里头文化I级墓,遗迹,contains,青铜礼器,器物
二里头文化I级墓,遗迹,contains,玉礼器,器物
二里头文化I级墓,遗迹,contains,陶礼器,器物
二里头文化I级墓,遗迹,contains,漆礼器,器物
II级墓,遗迹,contains,陶礼器,器物
二里头文化II级以下墓葬,遗迹,contains,日用陶器,器物
祭祀遗迹,遗迹,contains,遗迹类,遗迹
祭祀遗迹,遗迹,contains,墓葬类,遗迹
祭祀遗迹,遗迹,contains,疑似祭祀遗迹类,遗迹
其他遗迹,遗迹,wasExcavatedin,二里头遗址,大遗址
其他遗迹,遗迹,contains,中小型房址（含灶址）,遗迹
其他遗迹,遗迹,contains,灰沟,遗迹
其他遗迹,遗迹,contains,水井,遗迹
其他遗迹,遗迹,contains,灰坑,遗迹
中小型房址（含灶址）,遗迹,contains,平地起建的小型夯土建筑基址,遗迹
中小型房址（含灶址）,遗迹,contains,半地穴式建筑,遗迹
灰沟,遗迹,hasFunction,一般排水沟,功用
灰沟,遗迹,hasFunction,取土沟,功用
灰沟,遗迹,hasFunction,特殊的用途,功用
灰沟,遗迹,hasFunction,垃圾倾倒处,功用
炊具,器物:功用,contains,鼎,器物
炊具,器物:功用,contains,鬲,器物
炊具,器物:功用,contains,甗,器物
炊具,器物:功用,contains,甑,器物
炊具,器物:功用,contains,罐,器物
食器,器物:功用,contains,三足皿,器物
食器,器物:功用,contains,豆,器物
食器,器物:功用,contains,簋,器物
食器,器物:功用,contains,圈足盘,器物
酒器,器物:功用,hasType,饮器,器物
酒器,器物:功用,hasType,斟灌器,器物
饮器,器物,contains,爵,器物
饮器,器物,contains,觚,器物
斟灌器,器物,contains,鬶,器物
斟灌器,器物,contains,盉,器物
盛储器,器物:功用,contains,盆,器物
盛储器,器物:功用,contains,瓮,器物
盛储器,器物:功用,contains,尊,器物
特殊花纹,图案纹饰,contains,龙,图案纹饰
特殊花纹,图案纹饰,contains,鱼,图案纹饰
特殊花纹,图案纹饰,contains,兽面,图案纹饰
特殊花纹,图案纹饰,contains,蛇,图案纹饰
特殊花纹,图案纹饰,contains,鸟,图案纹饰
特殊花纹,图案纹饰,contains,蜗料,图案纹饰
二里岗文化晚期,器物:时间,excavated,陶器,器物
容器,器物,contains,鼎,器物
容器,器物,contains,盉,器物
容器,器物,contains,爵,器物
容器,器物,contains,觚,器物
容器,器物,contains,角,器物
容器,器物,contains,斝,器物
乐器,器物:功用,contains,铜铃,器物
武器,器物:功用,wasExcavatedin,墓葬,遗迹
武器,器物:功用,contains,戈,器物
武器,器物:功用,contains,钺,器物
武器,器物:功用,contains,戚,器物
武器,器物:功用,contains,镞,器物
铜容器,器物,wasExcavatedin,墓葬,遗迹
铃,器物,wasExcavatedin,墓葬,遗迹
圆形器,器物,wasExcavatedin,墓葬,遗迹
礼器和仪仗,器物,contains,牙璋,器物
礼器和仪仗,器物,contains,戈,器物
礼器和仪仗,器物,contains,钺,器物
礼器和仪仗,器物,contains,刀,器物
礼器和仪仗,器物,contains,璧戚,器物
礼器和仪仗,器物,contains,琮,器物
礼器和仪仗,器物,contains,圭,器物
工具和武器,器物,contains,镞,器物
工具和武器,器物,contains,凿,器物
工具和武器,器物,contains,纺轮,器物
工具和武器,器物,contains,铲,器物
其他,器物,contains,板,器物
其他,器物,contains,月牙形器,器物
其他,器物,contains,铃舌,器物
其他,器物,contains,圭形器,器物
锯片切割,工艺技法,wasUsedfor,大型玉料开片技术,相关活动
阴刻,工艺技法,wasUsedfor,玉器表面刻划线条以构成图案纹饰,相关活动
石镞,器物,material,安山岩、泥岩,质料
石锛,器物,material,安山岩,质料
石铲,器物,material,灰岩,质料
石铲,器物,material,砂岩,质料
石斧,器物,wasExcavatedin,八里桥遗址,其他遗址
石斧,器物,material,辉绿,质料
石斧,器物,material,安山岩,质料
石镰,器物,material,英安岩,质料
石镰,器物,material,安山岩,质料
石刀,器物,material,片岩,质料
石刀,器物,material,细粒砂岩,质料
蚌质类遗物,器物,contains,镰,器物
蚌质类遗物,器物,contains,镞,器物
蚌质类遗物,器物,contains,刀,器物
蚌质类遗物,器物,contains,锥,器物
蚌质类遗物,器物,contains,锯,器物
蚌质类遗物,器物,contains,铲,器物
中国最早的双轮车辙使用痕迹,遗迹,wasExcavatedin,2004年,时间
蝉形玉器,器物,wasExcavatedin,二里头遗址,大遗址
二期,时间,date,公元前1680年至公元前1610年,时间
三期,时间,date,公元前1610年至公元前1560年,时间
四期,时间,date,公元前1560年至公元前1520年,时间
二里头夏都遗址博物馆,组织机构,islocatedin,河南省洛阳市偃师区,地点
许宏,人物,isSubordinateto,中国社会科学院考古研究所,组织机构
赵海涛,人物,isSubordinateto,中国社会科学院考古研究所,组织机构
百年百大考古发现,荣誉称号,date,2021年10月,时间
二里头遗址宫殿区,遗迹,Belongsto,二里头遗址,大遗址
2004年度全国十大考古新发现,荣誉称号,date,2005年04月19日,时间
河南考古百年百大考古发现,荣誉称号,date,2021年9月,时间
二里头都邑多网格式布局,遗迹,Belongsto,二里头遗址,大遗址
二里头都邑多网格式布局,遗迹,honoraryTitle,2022年度全国十大考古新发现终评,荣誉称号
二里头都邑多网格式布局,遗迹,honoraryTitle,2022年度河南五大考古新发现,荣誉称号
二里头都邑多网格式布局,遗迹,honoraryTitle,2022年度全国十大考古新发现,荣誉称号
2022年度全国十大考古新发现终评,荣誉称号,date,2023年2月27日,时间
2022年度河南五大考古新发现,荣誉称号,date,2023年3月21日,时间
2022年度全国十大考古新发现,荣誉称号,date,2023年3月28日,时间
二里头遗,大遗址,wasDiscoveredby,徐旭生,人物
纯铜,质料,hasAmount,13件,数量
锡青铜,质料,hasAmount,31件,数量
铅锡青铜,质料,hasAmount,36件,数量
铅青铜,质料,hasAmount,11件,数量
砷青铜,质料,hasAmount,4件,数量
铅锡砷青铜,质料,hasAmount,2件,数量
砷锡青铜,质料,hasAmount,1件,数量
铅砷青铜,质料,hasAmount,1件,数量
黑龙江,地点,possessestheRuin,渤海国上京龙泉府遗址,大遗址
黑龙江,地点,possessestheRuin,金上京会宁府遗址,大遗址
上海市,地点,possessestheRuin,青龙镇遗址,大遗址
江苏省,地点,possessestheRuin,鸿山墓群,大遗址
江苏省,地点,possessestheRuin,阖闾城遗址,大遗址
江苏省,地点,possessestheRuin,徐州汉墓群,大遗址
江苏省,地点,possessestheRuin,南朝陵墓群,大遗址
江苏省,地点,possessestheRuin,扬州城遗址,大遗址
江苏省,地点,possessestheRuin,明故宫遗址,大遗址
浙江省,地点,possessestheRuin,上山遗址,大遗址
浙江省,地点,possessestheRuin,河姆渡遗址,大遗址
浙江省,地点,possessestheRuin,良渚遗址,大遗址
浙江省,地点,possessestheRuin,安吉古城遗址,大遗址
浙江省,地点,possessestheRuin,上林湖越窑遗址,大遗址
浙江省,地点,possessestheRuin,大窑龙泉窑遗址,大遗址
浙江省,地点,possessestheRuin,临安城遗址,大遗址
浙江省,地点,possessestheRuin,宋六陵,大遗址
安徽省,地点,possessestheRuin,凌家滩遗址,大遗址
安徽省,地点,possessestheRuin,双墩遗址,大遗址
安徽省,地点,possessestheRuin,禹会村遗址,大遗址
安徽省,地点,possessestheRuin,寿春城遗址,大遗址
安徽省,地点,possessestheRuin,大工山-凤凰山铜矿遗址,大遗址
安徽省,地点,possessestheRuin,明中都遗址,大遗址
福建省,地点,possessestheRuin,万寿岩遗址,大遗址
福建省,地点,possessestheRuin,平潭壳丘头遗址群,大遗址
福建省,地点,possessestheRuin,城村汉城遗址,大遗址
福建省,地点,possessestheRuin,德化窑遗址,大遗址
江西省,地点,possessestheRuin,吴城遗址（含筑卫城遗址）,大遗址
江西省,地点,possessestheRuin,紫金城城址与铁河古墓群（南昌汉代海昏侯墓）,大遗址
江西省,地点,possessestheRuin,铜岭铜矿遗址,大遗址
江西省,地点,possessestheRuin,吉州窑遗址,大遗址
江西省,地点,possessestheRuin,御窑厂窑址（含湖田窑址、高岭瓷土矿遗址）,大遗址
仰韶村遗址,大遗址,islocatedin,河南省,地点
仰韶村遗址,大遗址,islocatedin,三门峡市,地点
仰韶村遗址,大遗址,wasIn,新石器时代（仰韶文化）,时间
仰韶村遗址,大遗址,isLocatedin,河南,地点
北阳平遗址,大遗址,islocatedin,河南省,地点
北阳平遗址,大遗址,islocatedin,灵宝市,地点
北阳平遗址,大遗址,wasIn,新石器时代（仰韶文化中晚期）,时间
北阳平遗址,大遗址,isLocatedin,河南,地点
大河村遗址,大遗址,islocatedin,河南省,地点
大河村遗址,大遗址,islocatedin,郑州市,地点
大河村遗址,大遗址,wasIn,新石器时代（仰韶文化 - 龙山文化）,时间
大河村遗址,大遗址,isLocatedin,河南,地点
平粮台古城遗址,大遗址,islocatedin,河南省,地点
平粮台古城遗址,大遗址,islocatedin,周口市,地点
平粮台古城遗址,大遗址,wasIn,新石器时代晚期（龙山文化时期）,时间
平粮台古城遗址,大遗址,isLocatedin,河南,地点
偃师商城遗址,大遗址,islocatedin,河南省,地点
偃师商城遗址,大遗址,islocatedin,洛阳市,地点
偃师商城遗址,大遗址,wasIn,商代早期,时间
偃师商城遗址,大遗址,isLocatedin,河南,地点
郑州商城遗址,大遗址,islocatedin,河南省,地点
郑州商城遗址,大遗址,islocatedin,郑州市,地点
郑州商城遗址,大遗址,wasIn,商代早期,时间
郑州商城遗址,大遗址,isLocatedin,河南,地点
小双桥遗址,大遗址,islocatedin,河南省,地点
小双桥遗址,大遗址,islocatedin,郑州市,地点
小双桥遗址,大遗址,wasIn,商代中期,时间
小双桥遗址,大遗址,isLocatedin,河南,地点
殷墟,大遗址,islocatedin,河南省,地点
殷墟,大遗址,islocatedin,安阳市,地点
殷墟,大遗址,wasIn,商代晚期,时间
殷墟,大遗址,isLocatedin,河南,地点
郑韩故城,大遗址,islocatedin,河南省,地点
郑韩故城,大遗址,islocatedin,新郑市,地点
郑韩故城,大遗址,wasIn,春秋 - 战国（郑国 - 韩国）,时间
郑韩故城,大遗址,isLocatedin,河南,地点
汉魏洛阳故城,大遗址,islocatedin,河南省,地点
汉魏洛阳故城,大遗址,islocatedin,洛阳市,地点
汉魏洛阳故城,大遗址,wasIn,东汉 - 曹魏 - 西晋 - 北魏,时间
汉魏洛阳故城,大遗址,isLocatedin,河南,地点
邙山陵墓群,大遗址,islocatedin,河南省,地点
邙山陵墓群,大遗址,islocatedin,洛阳市,地点
邙山陵墓群,大遗址,wasIn,东周 - 明清,时间
邙山陵墓群,大遗址,isLocatedin,河南,地点
隋唐洛阳城遗址,大遗址,islocatedin,河南省,地点
隋唐洛阳城遗址,大遗址,islocatedin,洛阳市,地点
隋唐洛阳城遗址,大遗址,wasIn,隋 - 唐 - 五代,时间
隋唐洛阳城遗址,大遗址,isLocatedin,河南,地点
北宋东京城遗址,大遗址,islocatedin,河南省,地点
北宋东京城遗址,大遗址,islocatedin,开封市,地点
北宋东京城遗址,大遗址,wasIn,北宋,时间
北宋东京城遗址,大遗址,isLocatedin,河南,地点
宋陵,大遗址,islocatedin,河南省,地点
宋陵,大遗址,islocatedin,巩义市,地点
宋陵,大遗址,wasIn,北宋,时间
宋陵,大遗址,isLocatedin,河南,地点
清凉寺汝官窑遗址,大遗址,islocatedin,河南省,地点
清凉寺汝官窑遗址,大遗址,islocatedin,平顶山市,地点
清凉寺汝官窑遗址,大遗址,wasIn,北宋,时间
清凉寺汝官窑遗址,大遗址,isLocatedin,河南,地点
河南省,地点,possessestheRuin,二里头遗址,大遗址
河南省,地点,possessestheRuin,仰韶村遗址,大遗址
河南省,地点,possessestheRuin,北阳平遗址,大遗址
河南省,地点,possessestheRuin,大河村遗址,大遗址
河南省,地点,possessestheRuin,平粮台古城遗址,大遗址
河南省,地点,possessestheRuin,偃师商城遗址,大遗址
河南省,地点,possessestheRuin,郑州商城遗址,大遗址
河南省,地点,possessestheRuin,小双桥遗址,大遗址
河南省,地点,possessestheRuin,殷墟,大遗址
河南省,地点,possessestheRuin,郑韩故城,大遗址
河南省,地点,possessestheRuin,汉魏洛阳故城,大遗址
河南省,地点,possessestheRuin,邙山陵墓群,大遗址
河南省,地点,possessestheRuin,隋唐洛阳城遗址,大遗址
河南省,地点,possessestheRuin,北宋东京城遗址,大遗址
河南省,地点,possessestheRuin,宋陵,大遗址
河南省,地点,possessestheRuin,清凉寺汝官窑遗址,大遗址
新 疆,地点,possessestheRuin,吉仁台沟口遗址,大遗址
新 疆,地点,possessestheRuin,北庭故城遗址,大遗址
新 疆,地点,possessestheRuin,苏巴什佛寺遗址,大遗址
新 疆,地点,possessestheRuin,交河故城,大遗址
新 疆,地点,possessestheRuin,高昌故城,大遗址
新 疆,地点,possessestheRuin,达勒特古城遗址,大遗址
新 疆,地点,possessestheRuin,卓尔库特古城遗址,大遗址
新 疆,地点,possessestheRuin,阔纳协海尔古城遗址,大遗址
新 疆,地点,possessestheRuin,坎儿井地下水利工程,大遗址
三门峡市,地点,islocatedin,河南省,地点
灵宝市,地点,islocatedin,河南省,地点
郑州市,地点,islocatedin,河南省,地点
周口市,地点,islocatedin,河南省,地点
洛阳市,地点,islocatedin,河南省,地点
安阳市,地点,islocatedin,河南省,地点
新郑市,地点,islocatedin,河南省,地点
开封市,地点,isCollectedin,河南省,地点
巩义市,地点,islocatedin,河南省,地点
平顶山市,地点,islocatedin,河南省,地点
灰坑,遗迹,wasExcavatedin,八里桥遗址,其他遗址
